Workbook

Sheet Notes
A1: Pickup scheduling - fuel saving from planned pickup runs
A2: Internship project, small courier agent in Bengaluru (Apr-Jun 2024). Rebuilt Oct 2026.
A4: What I looked at
A5: The company sent someone out for every pickup as soon as the customer booked. I suggested grouping pickups by area into
A6: planned runs (one scooter run for small items and one matador run for large items per zone per day) to save fuel.
A8: Please read - disclaimers
A9: 1. My original Excel from the internship was lost. This is a rebuilt version that follows the same method. It is not the original file.
A10: 2. The pickup log is MADE UP for illustration. The real pickup records belonged to the company and are not used here.
A11: 3. The company name and its exact location are left out. Distances are from a hub in central Bengaluru.
A12: 4. Distances and times are my estimates from public pincode data - they still need checking on Google Maps (see the Source column in Areas).
A13: 5. Fuel prices are public Bengaluru prices for 23 May 2024. Mileage figures are published/claimed figures - real mileage in traffic may be lower.
A14: 6. Run km is a rule of thumb (2 x farthest stop + 2 km for every extra stop), not an actual route.
... A20: Assumptions (change the yellow cells)
A21: Matador mileage (km/l) | B21: 16 | C21: Tata Ace Gold diesel: 16-19 km/l claimed (trucksbuses.com)
A22: Diesel price Rs/l | B22: 85.93 | C22: Bengaluru, 23 May 2024 (indiainfoline.com)
A23: Scooter mileage (km/l) | B23: 45 | C23: Honda Activa: 47-50 km/l claimed, took 45 for city traffic (91wheels.com)
A24: Petrol price Rs/l | B24: 99.84 | C24: Bengaluru, 23 May 2024 (indiainfoline.com)
A25: Extra km for every extra stop on a run | B25: 2 | C25: my rule of thumb - still to check on a couple of Google Maps multi-stop routes
A26: Cut-off time for same-day pickup run | B26: 0.54166667 | C26: bookings after this go on the next day's run (my assumption)
A28: Sources
A29: Pincode locations: IndiaPIN dataset (India Post data) - github.com/harshvardhaniimi/IndiaPIN
A30: Road km = straight line x 1.3 (Boeing 2017, arxiv.org/abs/1708.00836); time at ~20 km/h (TomTom 2024: 30 min per 10 km in Bengaluru)
A31: Fuel prices: indiainfoline.com, 23 May 2024. Mileage: trucksbuses.com (Tata Ace Gold), 91wheels.com (Activa)

Sheet Summary
A1: Before vs after (one month, made-up pickups)
B3: Before (go for every booking) | C3: Option 1: all pickups on runs | D3: Option 2: runs + Express straight away
A4: Pickups in the month | B4: =COUNT('Pickup log'!$A$2:$A$225) -> 224 | C4: =COUNT('Pickup log'!$A$2:$A$225) -> 224 | D4: =COUNT('Pickup log'!$A$2:$A$225) -> 224
A5: Trips / runs | B5: =COUNT('Pickup log'!$A$2:$A$225) -> 224 | C5: =COUNTIF(Runs!$D$2:$D$251,">0") -> 132 | D5: =COUNTIF(Runs!$H$2:$H$251,">0")+COUNTIF('Pickup log'!$M$2:$M$225,"No") -> 184
A6: Km in the month | B6: =SUM('Pickup log'!$I$2:$I$225) -> 2973 | C6: =SUM(Runs!$F$2:$F$251) -> 2325 | D6: =SUM(Runs!$J$2:$J$251)+SUM('Pickup log'!$N$2:$N$225) -> 2702
A7: Fuel cost in the month (Rs) | B7: =SUM('Pickup log'!$J$2:$J$225) -> 10239.76 | C7: =SUM(Runs!$G$2:$G$251) -> 8023.5301 | D7: =SUM(Runs!$K$2:$K$251)+SUM('Pickup log'!$O$2:$O$225) -> 9417.8641
A8: Saving in fuel vs before | C8: =1-C7/B7 -> 0.21643376 | D8: =1-D7/B7 -> 0.080265139
A9: Saving in km vs before | C9: =1-C6/B6 -> 0.21796165 | D9: =1-D6/B6 -> 0.091153717
A10: Pickups picked up on the day they were booked | B10: =1 -> 1 | C10: =COUNTIF('Pickup log'!$L$2:$L$225,"Yes")/C4 -> 0.38392857 | D10: =(COUNTIF('Pickup log'!$E$2:$E$225,"Express")+COUNTIFS('Pickup log'!$E$2:$E$225,"Economy",'Pickup log'!$L$2:$L$225,"Yes"))/D4 -> 0.63839286
A12: Note: Option 1 saves the most fuel but most afternoon bookings wait till the next day.
A13: Option 2 keeps Express pickups same-day (customers pay for speed), so it saves less.
A14: Before: I assumed every booking was picked up the same day (the crew went straight away).
A15: If a run needs 4 km for every extra stop instead of 2, the fuel saving drops to about 16% (Option 1) and 6% (Option 2).
A16: Only pickups counted (drop-offs at courier centres are the same in all three). Made-up data - see Notes.

Sheet Areas
A1: Area | B1: Pincode | C1: Zone | D1: Km from hub (one way) | E1: Mins (one way) | F1: Source
A2: Chamarajpet | B2: 560018 | C2: Central | D2: 1 | E2: 8 | F2: estimate - check on Google Maps
A3: Basavanagudi | B3: 560004 | C3: Central | D3: 2 | E3: 11 | F3: estimate - check on Google Maps
A4: Chickpet | B4: 560053 | C4: Central | D4: 2 | E4: 11 | F4: estimate - check on Google Maps
A5: KR Market | B5: 560002 | C5: Central | D5: 3.5 | E5: 15 | F5: estimate - check on Google Maps
A6: Gandhinagar | B6: 560009 | C6: Central | D6: 3 | E6: 15 | F6: estimate - check on Google Maps
A7: Shivajinagar | B7: 560051 | C7: Central | D7: 6 | E7: 24 | F7: rough guess - check on Google Maps
A8: MG Road | B8: 560001 | C8: Central | D8: 4.5 | E8: 19 | F8: estimate - check on Google Maps
A9: Jayanagar | B9: 560011 | C9: South | D9: 4.5 | E9: 18 | F9: estimate - check on Google Maps
A10: Banashankari | B10: 560050 | C10: South | D10: 2.5 | E10: 12 | F10: estimate - check on Google Maps
A11: JP Nagar | B11: 560078 | C11: South | D11: 7 | E11: 26 | F11: estimate - check on Google Maps
A12: BTM Layout | B12: 560076 | C12: South | D12: 9 | E12: 32 | F12: estimate - check on Google Maps
A13: Koramangala | B13: 560034 | C13: South | D13: 9.5 | E13: 34 | F13: estimate - check on Google Maps
... A32: Whitefield | B32: 560066 | C32: East | D32: 24 | E32: 77 | F32: estimate - check on Google Maps
A34: TODO: replace km and mins with Google Maps (from hub, weekday afternoon) and change Source to 'Google Maps'

Sheet Pickup log
A1: Date | B1: Time | C1: Area | D1: Zone | E1: Service | F1: Size | G1: Vehicle | H1: Km one way | I1: BEFORE trip km | J1: BEFORE fuel Rs | K1: Run date | L1: Same day? | M1: Opt 2: on run? | N1: Opt 2: on-call trip km | O1: Opt 2: on-call fuel Rs
A2: 45418 | B2: 0.47222222 | C2: Rajajinagar | D2: =VLOOKUP(C2,Areas!$A$2:$E$32,3,FALSE()) -> West | E2: Economy | F2: Small | G2: =IF(F2="Large","Matador","Scooter") -> Scooter | H2: =VLOOKUP(C2,Areas!$A$2:$E$32,4,FALSE()) -> 5.5 | I2: =2*H2 -> 11 | J2: =IF(G2="Matador",I2/Notes!$B$21*Notes!$B$22,I2/Notes!$B$23*Notes!$B$24) -> 24.405333 | K2: =IF(B2<=Notes!$B$26,A2,IF(WEEKDAY(A2)=7,A2+2,A2+1)) -> 45418 | L2: =IF(K2=A2,"Yes","No") -> Yes | M2: =IF(E2="Express","No","Yes") -> Yes | N2: =IF(M2="No",2*H2,0) -> 0 | O2: =IF(N2=0,0,IF(G2="Matador",N2/Notes!$B$21*Notes!$B$22,N2/Notes!$B$23*Notes!$B$24)) -> 0
A3: 45418 | B3: 0.5 | C3: Gandhinagar | D3: =VLOOKUP(C3,Areas!$A$2:$E$32,3,FALSE()) -> Central | E3: Economy | F3: Small | G3: =IF(F3="Large","Matador","Scooter") -> Scooter | H3: =VLOOKUP(C3,Areas!$A$2:$E$32,4,FALSE()) -> 3 | I3: =2*H3 -> 6 | J3: =IF(G3="Matador",I3/Notes!$B$21*Notes!$B$22,I3/Notes!$B$23*Notes!$B$24) -> 13.312 | K3: =IF(B3<=Notes!$B$26,A3,IF(WEEKDAY(A3)=7,A3+2,A3+1)) -> 45418 | L3: =IF(K3=A3,"Yes","No") -> Yes | M3: =IF(E3="Express","No","Yes") -> Yes | N3: =IF(M3="No",2*H3,0) -> 0 | O3: =IF(N3=0,0,IF(G3="Matador",N3/Notes!$B$21*Notes!$B$22,N3/Notes!$B$23*Notes!$B$24)) -> 0
A4: 45418 | B4: 0.50694444 | C4: Yeshwanthpur | D4: =VLOOKUP(C4,Areas!$A$2:$E$32,3,FALSE()) -> North | E4: Express | F4: Small | G4: =IF(F4="Large","Matador","Scooter") -> Scooter | H4: =VLOOKUP(C4,Areas!$A$2:$E$32,4,FALSE()) -> 11 | I4: =2*H4 -> 22 | J4: =IF(G4="Matador",I4/Notes!$B$21*Notes!$B$22,I4/Notes!$B$23*Notes!$B$24) -> 48.810667 | K4: =IF(B4<=Notes!$B$26,A4,IF(WEEKDAY(A4)=7,A4+2,A4+1)) -> 45418 | L4: =IF(K4=A4,"Yes","No") -> Yes | M4: =IF(E4="Express","No","Yes") -> No | N4: =IF(M4="No",2*H4,0) -> 22 | O4: =IF(N4=0,0,IF(G4="Matador",N4/Notes!$B$21*Notes!$B$22,N4/Notes!$B$23*Notes!$B$24)) -> 48.810667
A5: 45418 | B5: 0.51388889 | C5: Kengeri | D5: =VLOOKUP(C5,Areas!$A$2:$E$32,3,FALSE()) -> West | E5: Economy | F5: Large | G5: =IF(F5="Large","Matador","Scooter") -> Matador | H5: =VLOOKUP(C5,Areas!$A$2:$E$32,4,FALSE()) -> 13.5 | I5: =2*H5 -> 27 | J5: =IF(G5="Matador",I5/Notes!$B$21*Notes!$B$22,I5/Notes!$B$23*Notes!$B$24) -> 145.00688 | K5: =IF(B5<=Notes!$B$26,A5,IF(WEEKDAY(A5)=7,A5+2,A5+1)) -> 45418 | L5: =IF(K5=A5,"Yes","No") -> Yes | M5: =IF(E5="Express","No","Yes") -> Yes | N5: =IF(M5="No",2*H5,0) -> 0 | O5: =IF(N5=0,0,IF(G5="Matador",N5/Notes!$B$21*Notes!$B$22,N5/Notes!$B$23*Notes!$B$24)) -> 0
A6: 45418 | B6: 0.54513889 | C6: MG Road | D6: =VLOOKUP(C6,Areas!$A$2:$E$32,3,FALSE()) -> Central | E6: Express | F6: Small | G6: =IF(F6="Large","Matador","Scooter") -> Scooter | H6: =VLOOKUP(C6,Areas!$A$2:$E$32,4,FALSE()) -> 4.5 | I6: =2*H6 -> 9 | J6: =IF(G6="Matador",I6/Notes!$B$21*Notes!$B$22,I6/Notes!$B$23*Notes!$B$24) -> 19.968 | K6: =IF(B6<=Notes!$B$26,A6,IF(WEEKDAY(A6)=7,A6+2,A6+1)) -> 45419 | L6: =IF(K6=A6,"Yes","No") -> No | M6: =IF(E6="Express","No","Yes") -> No | N6: =IF(M6="No",2*H6,0) -> 9 | O6: =IF(N6=0,0,IF(G6="Matador",N6/Notes!$B$21*Notes!$B$22,N6/Notes!$B$23*Notes!$B$24)) -> 19.968
A7: 45418 | B7: 0.60069444 | C7: Koramangala | D7: =VLOOKUP(C7,Areas!$A$2:$E$32,3,FALSE()) -> South | E7: Economy | F7: Small | G7: =IF(F7="Large","Matador","Scooter") -> Scooter | H7: =VLOOKUP(C7,Areas!$A$2:$E$32,4,FALSE()) -> 9.5 | I7: =2*H7 -> 19 | J7: =IF(G7="Matador",I7/Notes!$B$21*Notes!$B$22,I7/Notes!$B$23*Notes!$B$24) -> 42.154667 | K7: =IF(B7<=Notes!$B$26,A7,IF(WEEKDAY(A7)=7,A7+2,A7+1)) -> 45419 | L7: =IF(K7=A7,"Yes","No") -> No | M7: =IF(E7="Express","No","Yes") -> Yes | N7: =IF(M7="No",2*H7,0) -> 0 | O7: =IF(N7=0,0,IF(G7="Matador",N7/Notes!$B$21*Notes!$B$22,N7/Notes!$B$23*Notes!$B$24)) -> 0
A8: 45418 | B8: 0.625 | C8: Kengeri | D8: =VLOOKUP(C8,Areas!$A$2:$E$32,3,FALSE()) -> West | E8: Economy | F8: Small | G8: =IF(F8="Large","Matador","Scooter") -> Scooter | H8: =VLOOKUP(C8,Areas!$A$2:$E$32,4,FALSE()) -> 13.5 | I8: =2*H8 -> 27 | J8: =IF(G8="Matador",I8/Notes!$B$21*Notes!$B$22,I8/Notes!$B$23*Notes!$B$24) -> 59.904 | K8: =IF(B8<=Notes!$B$26,A8,IF(WEEKDAY(A8)=7,A8+2,A8+1)) -> 45419 | L8: =IF(K8=A8,"Yes","No") -> No | M8: =IF(E8="Express","No","Yes") -> Yes | N8: =IF(M8="No",2*H8,0) -> 0 | O8: =IF(N8=0,0,IF(G8="Matador",N8/Notes!$B$21*Notes!$B$22,N8/Notes!$B$23*Notes!$B$24)) -> 0
A9: 45418 | B9: 0.64583333 | C9: RT Nagar | D9: =VLOOKUP(C9,Areas!$A$2:$E$32,3,FALSE()) -> North | E9: Express | F9: Large | G9: =IF(F9="Large","Matador","Scooter") -> Matador | H9: =VLOOKUP(C9,Areas!$A$2:$E$32,4,FALSE()) -> 10.5 | I9: =2*H9 -> 21 | J9: =IF(G9="Matador",I9/Notes!$B$21*Notes!$B$22,I9/Notes!$B$23*Notes!$B$24) -> 112.78312 | K9: =IF(B9<=Notes!$B$26,A9,IF(WEEKDAY(A9)=7,A9+2,A9+1)) -> 45419 | L9: =IF(K9=A9,"Yes","No") -> No | M9: =IF(E9="Express","No","Yes") -> No | N9: =IF(M9="No",2*H9,0) -> 21 | O9: =IF(N9=0,0,IF(G9="Matador",N9/Notes!$B$21*Notes!$B$22,N9/Notes!$B$23*Notes!$B$24)) -> 112.78312
A10: 45418 | B10: 0.64930556 | C10: Banashankari | D10: =VLOOKUP(C10,Areas!$A$2:$E$32,3,FALSE()) -> South | E10: Economy | F10: Small | G10: =IF(F10="Large","Matador","Scooter") -> Scooter | H10: =VLOOKUP(C10,Areas!$A$2:$E$32,4,FALSE()) -> 2.5 | I10: =2*H10 -> 5 | J10: =IF(G10="Matador",I10/Notes!$B$21*Notes!$B$22,I10/Notes!$B$23*Notes!$B$24) -> 11.093333 | K10: =IF(B10<=Notes!$B$26,A10,IF(WEEKDAY(A10)=7,A10+2,A10+1)) -> 45419 | L10: =IF(K10=A10,"Yes","No") -> No | M10: =IF(E10="Express","No","Yes") -> Yes | N10: =IF(M10="No",2*H10,0) -> 0 | O10: =IF(N10=0,0,IF(G10="Matador",N10/Notes!$B$21*Notes!$B$22,N10/Notes!$B$23*Notes!$B$24)) -> 0
A11: 45418 | B11: 0.68055556 | C11: Banashankari | D11: =VLOOKUP(C11,Areas!$A$2:$E$32,3,FALSE()) -> South | E11: Economy | F11: Small | G11: =IF(F11="Large","Matador","Scooter") -> Scooter | H11: =VLOOKUP(C11,Areas!$A$2:$E$32,4,FALSE()) -> 2.5 | I11: =2*H11 -> 5 | J11: =IF(G11="Matador",I11/Notes!$B$21*Notes!$B$22,I11/Notes!$B$23*Notes!$B$24) -> 11.093333 | K11: =IF(B11<=Notes!$B$26,A11,IF(WEEKDAY(A11)=7,A11+2,A11+1)) -> 45419 | L11: =IF(K11=A11,"Yes","No") -> No | M11: =IF(E11="Express","No","Yes") -> Yes | N11: =IF(M11="No",2*H11,0) -> 0 | O11: =IF(N11=0,0,IF(G11="Matador",N11/Notes!$B$21*Notes!$B$22,N11/Notes!$B$23*Notes!$B$24)) -> 0
A12: 45418 | B12: 0.70833333 | C12: Malleshwaram | D12: =VLOOKUP(C12,Areas!$A$2:$E$32,3,FALSE()) -> North | E12: Economy | F12: Small | G12: =IF(F12="Large","Matador","Scooter") -> Scooter | H12: =VLOOKUP(C12,Areas!$A$2:$E$32,4,FALSE()) -> 6.5 | I12: =2*H12 -> 13 | J12: =IF(G12="Matador",I12/Notes!$B$21*Notes!$B$22,I12/Notes!$B$23*Notes!$B$24) -> 28.842667 | K12: =IF(B12<=Notes!$B$26,A12,IF(WEEKDAY(A12)=7,A12+2,A12+1)) -> 45419 | L12: =IF(K12=A12,"Yes","No") -> No | M12: =IF(E12="Express","No","Yes") -> Yes | N12: =IF(M12="No",2*H12,0) -> 0 | O12: =IF(N12=0,0,IF(G12="Matador",N12/Notes!$B$21*Notes!$B$22,N12/Notes!$B$23*Notes!$B$24)) -> 0
A13: 45418 | B13: 0.70833333 | C13: Jayanagar | D13: =VLOOKUP(C13,Areas!$A$2:$E$32,3,FALSE()) -> South | E13: Express | F13: Small | G13: =IF(F13="Large","Matador","Scooter") -> Scooter | H13: =VLOOKUP(C13,Areas!$A$2:$E$32,4,FALSE()) -> 4.5 | I13: =2*H13 -> 9 | J13: =IF(G13="Matador",I13/Notes!$B$21*Notes!$B$22,I13/Notes!$B$23*Notes!$B$24) -> 19.968 | K13: =IF(B13<=Notes!$B$26,A13,IF(WEEKDAY(A13)=7,A13+2,A13+1)) -> 45419 | L13: =IF(K13=A13,"Yes","No") -> No | M13: =IF(E13="Express","No","Yes") -> No | N13: =IF(M13="No",2*H13,0) -> 9 | O13: =IF(N13=0,0,IF(G13="Matador",N13/Notes!$B$21*Notes!$B$22,N13/Notes!$B$23*Notes!$B$24)) -> 19.968
... A225: 45444 | B225: 0.66666667 | C225: Peenya | D225: =VLOOKUP(C225,Areas!$A$2:$E$32,3,FALSE()) -> North | E225: Express | F225: Large | G225: =IF(F225="Large","Matador","Scooter") -> Matador | H225: =VLOOKUP(C225,Areas!$A$2:$E$32,4,FALSE()) -> 12.5 | I225: =2*H225 -> 25 | J225: =IF(G225="Matador",I225/Notes!$B$21*Notes!$B$22,I225/Notes!$B$23*Notes!$B$24) -> 134.26562 | K225: =IF(B225<=Notes!$B$26,A225,IF(WEEKDAY(A225)=7,A225+2,A225+1)) -> 45446 | L225: =IF(K225=A225,"Yes","No") -> No | M225: =IF(E225="Express","No","Yes") -> No | N225: =IF(M225="No",2*H225,0) -> 25 | O225: =IF(N225=0,0,IF(G225="Matador",N225/Notes!$B$21*Notes!$B$22,N225/Notes!$B$23*Notes!$B$24)) -> 134.26562
A227: MADE-UP DATA for illustration (4 weeks, Mon-Sat). Real pickup records are not used.

Sheet Runs
A1: Run date | B1: Zone | C1: Vehicle | D1: Opt 1: pickups | E1: Opt 1: farthest km | F1: Opt 1: run km | G1: Opt 1: fuel Rs | H1: Opt 2: pickups (Economy) | I1: Opt 2: farthest km | J1: Opt 2: run km | K1: Opt 2: fuel Rs
A2: 45418 | B2: Central | C2: Scooter | D2: =COUNTIFS('Pickup log'!$K$2:$K$225,A2,'Pickup log'!$D$2:$D$225,B2,'Pickup log'!$G$2:$G$225,C2) -> 1 | E2: =IF(D2=0,0,_xlfn.MAXIFS('Pickup log'!$H$2:$H$225,'Pickup log'!$K$2:$K$225,A2,'Pickup log'!$D$2:$D$225,B2,'Pickup log'!$G$2:$G$225,C2)) -> 3 | F2: =IF(D2=0,0,2*E2+Notes!$B$25*(D2-1)) -> 6 | G2: =IF(C2="Matador",F2/Notes!$B$21*Notes!$B$22,F2/Notes!$B$23*Notes!$B$24) -> 13.312 | H2: =COUNTIFS('Pickup log'!$K$2:$K$225,A2,'Pickup log'!$D$2:$D$225,B2,'Pickup log'!$G$2:$G$225,C2,'Pickup log'!$E$2:$E$225,"Economy") -> 1 | I2: =IF(H2=0,0,_xlfn.MAXIFS('Pickup log'!$H$2:$H$225,'Pickup log'!$K$2:$K$225,A2,'Pickup log'!$D$2:$D$225,B2,'Pickup log'!$G$2:$G$225,C2,'Pickup log'!$E$2:$E$225,"Economy")) -> 3 | J2: =IF(H2=0,0,2*I2+Notes!$B$25*(H2-1)) -> 6 | K2: =IF(C2="Matador",J2/Notes!$B$21*Notes!$B$22,J2/Notes!$B$23*Notes!$B$24) -> 13.312
A3: 45418 | B3: Central | C3: Matador | D3: =COUNTIFS('Pickup log'!$K$2:$K$225,A3,'Pickup log'!$D$2:$D$225,B3,'Pickup log'!$G$2:$G$225,C3) -> 0 | E3: =IF(D3=0,0,_xlfn.MAXIFS('Pickup log'!$H$2:$H$225,'Pickup log'!$K$2:$K$225,A3,'Pickup log'!$D$2:$D$225,B3,'Pickup log'!$G$2:$G$225,C3)) -> 0 | F3: =IF(D3=0,0,2*E3+Notes!$B$25*(D3-1)) -> 0 | G3: =IF(C3="Matador",F3/Notes!$B$21*Notes!$B$22,F3/Notes!$B$23*Notes!$B$24) -> 0 | H3: =COUNTIFS('Pickup log'!$K$2:$K$225,A3,'Pickup log'!$D$2:$D$225,B3,'Pickup log'!$G$2:$G$225,C3,'Pickup log'!$E$2:$E$225,"Economy") -> 0 | I3: =IF(H3=0,0,_xlfn.MAXIFS('Pickup log'!$H$2:$H$225,'Pickup log'!$K$2:$K$225,A3,'Pickup log'!$D$2:$D$225,B3,'Pickup log'!$G$2:$G$225,C3,'Pickup log'!$E$2:$E$225,"Economy")) -> 0 | J3: =IF(H3=0,0,2*I3+Notes!$B$25*(H3-1)) -> 0 | K3: =IF(C3="Matador",J3/Notes!$B$21*Notes!$B$22,J3/Notes!$B$23*Notes!$B$24) -> 0
A4: 45418 | B4: South | C4: Scooter | D4: =COUNTIFS('Pickup log'!$K$2:$K$225,A4,'Pickup log'!$D$2:$D$225,B4,'Pickup log'!$G$2:$G$225,C4) -> 0 | E4: =IF(D4=0,0,_xlfn.MAXIFS('Pickup log'!$H$2:$H$225,'Pickup log'!$K$2:$K$225,A4,'Pickup log'!$D$2:$D$225,B4,'Pickup log'!$G$2:$G$225,C4)) -> 0 | F4: =IF(D4=0,0,2*E4+Notes!$B$25*(D4-1)) -> 0 | G4: =IF(C4="Matador",F4/Notes!$B$21*Notes!$B$22,F4/Notes!$B$23*Notes!$B$24) -> 0 | H4: =COUNTIFS('Pickup log'!$K$2:$K$225,A4,'Pickup log'!$D$2:$D$225,B4,'Pickup log'!$G$2:$G$225,C4,'Pickup log'!$E$2:$E$225,"Economy") -> 0 | I4: =IF(H4=0,0,_xlfn.MAXIFS('Pickup log'!$H$2:$H$225,'Pickup log'!$K$2:$K$225,A4,'Pickup log'!$D$2:$D$225,B4,'Pickup log'!$G$2:$G$225,C4,'Pickup log'!$E$2:$E$225,"Economy")) -> 0 | J4: =IF(H4=0,0,2*I4+Notes!$B$25*(H4-1)) -> 0 | K4: =IF(C4="Matador",J4/Notes!$B$21*Notes!$B$22,J4/Notes!$B$23*Notes!$B$24) -> 0
A5: 45418 | B5: South | C5: Matador | D5: =COUNTIFS('Pickup log'!$K$2:$K$225,A5,'Pickup log'!$D$2:$D$225,B5,'Pickup log'!$G$2:$G$225,C5) -> 0 | E5: =IF(D5=0,0,_xlfn.MAXIFS('Pickup log'!$H$2:$H$225,'Pickup log'!$K$2:$K$225,A5,'Pickup log'!$D$2:$D$225,B5,'Pickup log'!$G$2:$G$225,C5)) -> 0 | F5: =IF(D5=0,0,2*E5+Notes!$B$25*(D5-1)) -> 0 | G5: =IF(C5="Matador",F5/Notes!$B$21*Notes!$B$22,F5/Notes!$B$23*Notes!$B$24) -> 0 | H5: =COUNTIFS('Pickup log'!$K$2:$K$225,A5,'Pickup log'!$D$2:$D$225,B5,'Pickup log'!$G$2:$G$225,C5,'Pickup log'!$E$2:$E$225,"Economy") -> 0 | I5: =IF(H5=0,0,_xlfn.MAXIFS('Pickup log'!$H$2:$H$225,'Pickup log'!$K$2:$K$225,A5,'Pickup log'!$D$2:$D$225,B5,'Pickup log'!$G$2:$G$225,C5,'Pickup log'!$E$2:$E$225,"Economy")) -> 0 | J5: =IF(H5=0,0,2*I5+Notes!$B$25*(H5-1)) -> 0 | K5: =IF(C5="Matador",J5/Notes!$B$21*Notes!$B$22,J5/Notes!$B$23*Notes!$B$24) -> 0
A6: 45418 | B6: West | C6: Scooter | D6: =COUNTIFS('Pickup log'!$K$2:$K$225,A6,'Pickup log'!$D$2:$D$225,B6,'Pickup log'!$G$2:$G$225,C6) -> 1 | E6: =IF(D6=0,0,_xlfn.MAXIFS('Pickup log'!$H$2:$H$225,'Pickup log'!$K$2:$K$225,A6,'Pickup log'!$D$2:$D$225,B6,'Pickup log'!$G$2:$G$225,C6)) -> 5.5 | F6: =IF(D6=0,0,2*E6+Notes!$B$25*(D6-1)) -> 11 | G6: =IF(C6="Matador",F6/Notes!$B$21*Notes!$B$22,F6/Notes!$B$23*Notes!$B$24) -> 24.405333 | H6: =COUNTIFS('Pickup log'!$K$2:$K$225,A6,'Pickup log'!$D$2:$D$225,B6,'Pickup log'!$G$2:$G$225,C6,'Pickup log'!$E$2:$E$225,"Economy") -> 1 | I6: =IF(H6=0,0,_xlfn.MAXIFS('Pickup log'!$H$2:$H$225,'Pickup log'!$K$2:$K$225,A6,'Pickup log'!$D$2:$D$225,B6,'Pickup log'!$G$2:$G$225,C6,'Pickup log'!$E$2:$E$225,"Economy")) -> 5.5 | J6: =IF(H6=0,0,2*I6+Notes!$B$25*(H6-1)) -> 11 | K6: =IF(C6="Matador",J6/Notes!$B$21*Notes!$B$22,J6/Notes!$B$23*Notes!$B$24) -> 24.405333
A7: 45418 | B7: West | C7: Matador | D7: =COUNTIFS('Pickup log'!$K$2:$K$225,A7,'Pickup log'!$D$2:$D$225,B7,'Pickup log'!$G$2:$G$225,C7) -> 1 | E7: =IF(D7=0,0,_xlfn.MAXIFS('Pickup log'!$H$2:$H$225,'Pickup log'!$K$2:$K$225,A7,'Pickup log'!$D$2:$D$225,B7,'Pickup log'!$G$2:$G$225,C7)) -> 13.5 | F7: =IF(D7=0,0,2*E7+Notes!$B$25*(D7-1)) -> 27 | G7: =IF(C7="Matador",F7/Notes!$B$21*Notes!$B$22,F7/Notes!$B$23*Notes!$B$24) -> 145.00688 | H7: =COUNTIFS('Pickup log'!$K$2:$K$225,A7,'Pickup log'!$D$2:$D$225,B7,'Pickup log'!$G$2:$G$225,C7,'Pickup log'!$E$2:$E$225,"Economy") -> 1 | I7: =IF(H7=0,0,_xlfn.MAXIFS('Pickup log'!$H$2:$H$225,'Pickup log'!$K$2:$K$225,A7,'Pickup log'!$D$2:$D$225,B7,'Pickup log'!$G$2:$G$225,C7,'Pickup log'!$E$2:$E$225,"Economy")) -> 13.5 | J7: =IF(H7=0,0,2*I7+Notes!$B$25*(H7-1)) -> 27 | K7: =IF(C7="Matador",J7/Notes!$B$21*Notes!$B$22,J7/Notes!$B$23*Notes!$B$24) -> 145.00688
A8: 45418 | B8: North | C8: Scooter | D8: =COUNTIFS('Pickup log'!$K$2:$K$225,A8,'Pickup log'!$D$2:$D$225,B8,'Pickup log'!$G$2:$G$225,C8) -> 1 | E8: =IF(D8=0,0,_xlfn.MAXIFS('Pickup log'!$H$2:$H$225,'Pickup log'!$K$2:$K$225,A8,'Pickup log'!$D$2:$D$225,B8,'Pickup log'!$G$2:$G$225,C8)) -> 11 | F8: =IF(D8=0,0,2*E8+Notes!$B$25*(D8-1)) -> 22 | G8: =IF(C8="Matador",F8/Notes!$B$21*Notes!$B$22,F8/Notes!$B$23*Notes!$B$24) -> 48.810667 | H8: =COUNTIFS('Pickup log'!$K$2:$K$225,A8,'Pickup log'!$D$2:$D$225,B8,'Pickup log'!$G$2:$G$225,C8,'Pickup log'!$E$2:$E$225,"Economy") -> 0 | I8: =IF(H8=0,0,_xlfn.MAXIFS('Pickup log'!$H$2:$H$225,'Pickup log'!$K$2:$K$225,A8,'Pickup log'!$D$2:$D$225,B8,'Pickup log'!$G$2:$G$225,C8,'Pickup log'!$E$2:$E$225,"Economy")) -> 0 | J8: =IF(H8=0,0,2*I8+Notes!$B$25*(H8-1)) -> 0 | K8: =IF(C8="Matador",J8/Notes!$B$21*Notes!$B$22,J8/Notes!$B$23*Notes!$B$24) -> 0
A9: 45418 | B9: North | C9: Matador | D9: =COUNTIFS('Pickup log'!$K$2:$K$225,A9,'Pickup log'!$D$2:$D$225,B9,'Pickup log'!$G$2:$G$225,C9) -> 0 | E9: =IF(D9=0,0,_xlfn.MAXIFS('Pickup log'!$H$2:$H$225,'Pickup log'!$K$2:$K$225,A9,'Pickup log'!$D$2:$D$225,B9,'Pickup log'!$G$2:$G$225,C9)) -> 0 | F9: =IF(D9=0,0,2*E9+Notes!$B$25*(D9-1)) -> 0 | G9: =IF(C9="Matador",F9/Notes!$B$21*Notes!$B$22,F9/Notes!$B$23*Notes!$B$24) -> 0 | H9: =COUNTIFS('Pickup log'!$K$2:$K$225,A9,'Pickup log'!$D$2:$D$225,B9,'Pickup log'!$G$2:$G$225,C9,'Pickup log'!$E$2:$E$225,"Economy") -> 0 | I9: =IF(H9=0,0,_xlfn.MAXIFS('Pickup log'!$H$2:$H$225,'Pickup log'!$K$2:$K$225,A9,'Pickup log'!$D$2:$D$225,B9,'Pickup log'!$G$2:$G$225,C9,'Pickup log'!$E$2:$E$225,"Economy")) -> 0 | J9: =IF(H9=0,0,2*I9+Notes!$B$25*(H9-1)) -> 0 | K9: =IF(C9="Matador",J9/Notes!$B$21*Notes!$B$22,J9/Notes!$B$23*Notes!$B$24) -> 0
A10: 45418 | B10: East | C10: Scooter | D10: =COUNTIFS('Pickup log'!$K$2:$K$225,A10,'Pickup log'!$D$2:$D$225,B10,'Pickup log'!$G$2:$G$225,C10) -> 0 | E10: =IF(D10=0,0,_xlfn.MAXIFS('Pickup log'!$H$2:$H$225,'Pickup log'!$K$2:$K$225,A10,'Pickup log'!$D$2:$D$225,B10,'Pickup log'!$G$2:$G$225,C10)) -> 0 | F10: =IF(D10=0,0,2*E10+Notes!$B$25*(D10-1)) -> 0 | G10: =IF(C10="Matador",F10/Notes!$B$21*Notes!$B$22,F10/Notes!$B$23*Notes!$B$24) -> 0 | H10: =COUNTIFS('Pickup log'!$K$2:$K$225,A10,'Pickup log'!$D$2:$D$225,B10,'Pickup log'!$G$2:$G$225,C10,'Pickup log'!$E$2:$E$225,"Economy") -> 0 | I10: =IF(H10=0,0,_xlfn.MAXIFS('Pickup log'!$H$2:$H$225,'Pickup log'!$K$2:$K$225,A10,'Pickup log'!$D$2:$D$225,B10,'Pickup log'!$G$2:$G$225,C10,'Pickup log'!$E$2:$E$225,"Economy")) -> 0 | J10: =IF(H10=0,0,2*I10+Notes!$B$25*(H10-1)) -> 0 | K10: =IF(C10="Matador",J10/Notes!$B$21*Notes!$B$22,J10/Notes!$B$23*Notes!$B$24) -> 0
A11: 45418 | B11: East | C11: Matador | D11: =COUNTIFS('Pickup log'!$K$2:$K$225,A11,'Pickup log'!$D$2:$D$225,B11,'Pickup log'!$G$2:$G$225,C11) -> 0 | E11: =IF(D11=0,0,_xlfn.MAXIFS('Pickup log'!$H$2:$H$225,'Pickup log'!$K$2:$K$225,A11,'Pickup log'!$D$2:$D$225,B11,'Pickup log'!$G$2:$G$225,C11)) -> 0 | F11: =IF(D11=0,0,2*E11+Notes!$B$25*(D11-1)) -> 0 | G11: =IF(C11="Matador",F11/Notes!$B$21*Notes!$B$22,F11/Notes!$B$23*Notes!$B$24) -> 0 | H11: =COUNTIFS('Pickup log'!$K$2:$K$225,A11,'Pickup log'!$D$2:$D$225,B11,'Pickup log'!$G$2:$G$225,C11,'Pickup log'!$E$2:$E$225,"Economy") -> 0 | I11: =IF(H11=0,0,_xlfn.MAXIFS('Pickup log'!$H$2:$H$225,'Pickup log'!$K$2:$K$225,A11,'Pickup log'!$D$2:$D$225,B11,'Pickup log'!$G$2:$G$225,C11,'Pickup log'!$E$2:$E$225,"Economy")) -> 0 | J11: =IF(H11=0,0,2*I11+Notes!$B$25*(H11-1)) -> 0 | K11: =IF(C11="Matador",J11/Notes!$B$21*Notes!$B$22,J11/Notes!$B$23*Notes!$B$24) -> 0
A12: 45419 | B12: Central | C12: Scooter | D12: =COUNTIFS('Pickup log'!$K$2:$K$225,A12,'Pickup log'!$D$2:$D$225,B12,'Pickup log'!$G$2:$G$225,C12) -> 1 | E12: =IF(D12=0,0,_xlfn.MAXIFS('Pickup log'!$H$2:$H$225,'Pickup log'!$K$2:$K$225,A12,'Pickup log'!$D$2:$D$225,B12,'Pickup log'!$G$2:$G$225,C12)) -> 4.5 | F12: =IF(D12=0,0,2*E12+Notes!$B$25*(D12-1)) -> 9 | G12: =IF(C12="Matador",F12/Notes!$B$21*Notes!$B$22,F12/Notes!$B$23*Notes!$B$24) -> 19.968 | H12: =COUNTIFS('Pickup log'!$K$2:$K$225,A12,'Pickup log'!$D$2:$D$225,B12,'Pickup log'!$G$2:$G$225,C12,'Pickup log'!$E$2:$E$225,"Economy") -> 0 | I12: =IF(H12=0,0,_xlfn.MAXIFS('Pickup log'!$H$2:$H$225,'Pickup log'!$K$2:$K$225,A12,'Pickup log'!$D$2:$D$225,B12,'Pickup log'!$G$2:$G$225,C12,'Pickup log'!$E$2:$E$225,"Economy")) -> 0 | J12: =IF(H12=0,0,2*I12+Notes!$B$25*(H12-1)) -> 0 | K12: =IF(C12="Matador",J12/Notes!$B$21*Notes!$B$22,J12/Notes!$B$23*Notes!$B$24) -> 0
A13: 45419 | B13: Central | C13: Matador | D13: =COUNTIFS('Pickup log'!$K$2:$K$225,A13,'Pickup log'!$D$2:$D$225,B13,'Pickup log'!$G$2:$G$225,C13) -> 1 | E13: =IF(D13=0,0,_xlfn.MAXIFS('Pickup log'!$H$2:$H$225,'Pickup log'!$K$2:$K$225,A13,'Pickup log'!$D$2:$D$225,B13,'Pickup log'!$G$2:$G$225,C13)) -> 2 | F13: =IF(D13=0,0,2*E13+Notes!$B$25*(D13-1)) -> 4 | G13: =IF(C13="Matador",F13/Notes!$B$21*Notes!$B$22,F13/Notes!$B$23*Notes!$B$24) -> 21.4825 | H13: =COUNTIFS('Pickup log'!$K$2:$K$225,A13,'Pickup log'!$D$2:$D$225,B13,'Pickup log'!$G$2:$G$225,C13,'Pickup log'!$E$2:$E$225,"Economy") -> 1 | I13: =IF(H13=0,0,_xlfn.MAXIFS('Pickup log'!$H$2:$H$225,'Pickup log'!$K$2:$K$225,A13,'Pickup log'!$D$2:$D$225,B13,'Pickup log'!$G$2:$G$225,C13,'Pickup log'!$E$2:$E$225,"Economy")) -> 2 | J13: =IF(H13=0,0,2*I13+Notes!$B$25*(H13-1)) -> 4 | K13: =IF(C13="Matador",J13/Notes!$B$21*Notes!$B$22,J13/Notes!$B$23*Notes!$B$24) -> 21.4825
... A251: 45446 | B251: East | C251: Matador | D251: =COUNTIFS('Pickup log'!$K$2:$K$225,A251,'Pickup log'!$D$2:$D$225,B251,'Pickup log'!$G$2:$G$225,C251) -> 0 | E251: =IF(D251=0,0,_xlfn.MAXIFS('Pickup log'!$H$2:$H$225,'Pickup log'!$K$2:$K$225,A251,'Pickup log'!$D$2:$D$225,B251,'Pickup log'!$G$2:$G$225,C251)) -> 0 | F251: =IF(D251=0,0,2*E251+Notes!$B$25*(D251-1)) -> 0 | G251: =IF(C251="Matador",F251/Notes!$B$21*Notes!$B$22,F251/Notes!$B$23*Notes!$B$24) -> 0 | H251: =COUNTIFS('Pickup log'!$K$2:$K$225,A251,'Pickup log'!$D$2:$D$225,B251,'Pickup log'!$G$2:$G$225,C251,'Pickup log'!$E$2:$E$225,"Economy") -> 0 | I251: =IF(H251=0,0,_xlfn.MAXIFS('Pickup log'!$H$2:$H$225,'Pickup log'!$K$2:$K$225,A251,'Pickup log'!$D$2:$D$225,B251,'Pickup log'!$G$2:$G$225,C251,'Pickup log'!$E$2:$E$225,"Economy")) -> 0 | J251: =IF(H251=0,0,2*I251+Notes!$B$25*(H251-1)) -> 0 | K251: =IF(C251="Matador",J251/Notes!$B$21*Notes!$B$22,J251/Notes!$B$23*Notes!$B$24) -> 0
A253: Runs only happen if there is at least one pickup. Bookings after the cut-off time join the next day's run (3 Jun has Saturday's late bookings).
